2dff2d3d46aeed94ae92b54911e5b347dd174917,graveszhang,2020-10-08T22:31:16+08:00,p1 230
c575d1f19dff30586b6162b6d5eb3a926ad1ace2,graveszhang,2020-10-08T20:35:34+08:00,mum out
3dd3428f7b654aec8f95d8d475493a381b5d7fb3,graveszhang,2020-10-08T13:04:53+08:00,200/240
83218f12aed26e724f66df9aa2a113b1ad90bc8f,graveszhang,2020-10-05T01:32:03+08:00,normal
3741eba979f0950a572a3e11f192869cd2070605,graveszhang,2020-10-05T01:21:28+08:00,170/240
6314e3fc176ad29977b4536426ced9ede099447f,graveszhang,2020-10-04T23:59:27+08:00,FUCK 170/240
0a20f87c335a4d1532546741a4a11ce45fae249e,graveszhang,2020-10-04T18:02:10+08:00,Error Handling Completed
9deece706f38c2dadd36d640642f360bc495801d,graveszhang,2020-10-03T22:32:07+08:00,jobs implement
343c99ae139e8c4d06955c8b0824a82a07bdce90,graveszhang,2020-10-02T18:21:24+08:00,hw2 c
61c71b9ed04cb42c4e57b03bfb0644a9567f0135,graveszhang,2020-10-02T17:23:18+08:00,hw added
74efcd06ccf7a67954d94ecbf193f346b4cd6753,Liqin Zhang,2020-09-30T00:14:54+08:00,Delete ShanghaiAir.sh
5b7d4d8b4c904001a1309843c848954ae8420325,Liqin Zhang,2020-09-30T00:14:18+08:00,Add files via upload
c8bb52eb17a4d9fb1d870e810bd330e3345a6350,Liqin Zhang,2020-09-28T08:39:05+08:00,milestone 2 completed
06253fc789d4487ddc3f1fa7d0f3901422fdf327,graveszhang,2020-09-27T11:09:28+08:00,reads nothing
7e83a4a4b54f095178d6949891da6bdcc7f7cbad,graveszhang,2020-09-27T00:37:24+08:00,Parallel ok
e135125701a87607f1f635089f55a7151da3e4d6,graveszhang,2020-09-25T17:35:09+08:00,milestone 2 - task 6-9 c
e282fa7b4c3138343ac5200bfc8483101f397673,graveszhang,2020-09-25T17:15:51+08:00,empty line ctrl-c need more enter
783b7a88a583c5e1c41d1b331991496f5a1111ef,graveszhang,2020-09-24T23:40:55+08:00,pipe completed
6b6b0b850c3849e71dfca36fbcaa66fff7999b46,graveszhang,2020-09-24T17:10:12+08:00,no forking err
76a551ba8eb00efa962ccc552475c04b6678c877,graveszhang,2020-09-24T17:02:11+08:00,dangerous
9e0b13dd1b1dfb766a22fb33c371a514d4b35558,graveszhang,2020-09-24T15:12:14+08:00,cd powerful error handling
18c19f0505f908758aac5f1c4b6fe0d3b8a22264,graveszhang,2020-09-24T10:29:21+08:00,cd fixed
1b61bfbf7dc7656bc116809c2c933589dd8a944d,graveszhang,2020-09-24T01:54:56+08:00,new bug
4801544d9abd64f02ef21f87127e9223e82bc91b,graveszhang,2020-09-24T01:25:39+08:00,Merge branch 'master' of https://github.com/graveszhang/VE482-Intro-to-Operating-Systems into master merge
994a74cd43d7963878cbcb164aa37d956bc9c322,graveszhang,2020-09-24T01:25:01+08:00,builtin completed
6934ce8b62462da638db9b854b90d65a1701039a,Liqin Zhang,2020-09-21T01:19:09+08:00,Create README.md
16960b3b4f4713fb28aa646bd29467eb554ce4cd,graveszhang,2020-09-19T01:51:50+08:00,Milestone 1 Completed
15854761366437a499be63dc962ffa1a21663f1c,graveszhang,2020-09-18T20:35:32+08:00,M1 c
a90663535a0a05ce9345dffe46d57774b05057bd,graveszhang,2020-09-18T19:41:11+08:00,p1m1 completed
46b89228a48dd840b7619c3866785691ed27ef95,graveszhang,2020-09-18T17:50:26+08:00,task1/2 completed
d450cff09e67efee3692bfb016ca7888aa669bbe,Liqin Zhang,2020-09-18T14:57:00+08:00,Merge pull request #1 from graveszhang/dev
656c004896fc0393b4d44aed2df3f6953ea88ff6,graveshoolwinPC,2020-09-18T14:54:48+08:00,ty
7059f5292f8d11d2877c87bc1f7df642240e9310,graveszhang,2020-09-14T20:13:29+08:00,exec
3c0c51df2df3bcdf7e5d59adb50a051b6d7918dc,graveszhang,2020-09-14T19:29:09+08:00,read/parse completed
7400e90f0d4f3d98eaf6233e5c798bef2f0977e0,graveszhang,2020-09-14T13:10:53+08:00,update init
21783b9830850521ad96753d78127aaf8b16d7ee,graveszhang,2020-09-14T13:09:23+08:00,P1 Init
9a6a4408b05fde99ff759e2c1b7a5e4aa5c152b3,graveszhang,2020-09-14T13:07:05+08:00,P1 Init
c793d5353d69a89292a91f22f763cfdc8bdfed5d,Liqin Zhang,2020-09-09T16:20:50+08:00,Add files via upload
2bdb6c16567761020347e127145ca1f5099b8b3f,Liqin Zhang,2020-09-09T16:19:06+08:00,Initial commit
